Name,Email,9am-10am,10am-11am,11am-12pm,12pm-1pm,1pm-2pm,2pm-3pm,3pm-4pm,4pm-5pm,Work Preference,Assignment Start Time,Time Commitment,Team Role Preference,Team Experience,Communication Method,Class Goals,Strengths,Weaknesses
Student 1,student1@example.com,"Mon, Tue, Wed, Thu, Fri",Mon,Mon,Sat,"Mon, Sat, Sun",Mon,Mon,Mon,In person,As soon as possible or whatever day it was assigned,10 hours per week,Active contributor to both ideas and following instructions,"Tutor, medical assistant, lab assistant",Text or call,To learn more and improve my understanding of computer science,Perseverance,Inability to say no
Student 2,student2@example.com,"Mon, Tue, Wed, Thu, Fri, Sat, Sun","Sat, Sun","Sat, Sun","Sat, Sun","Sat, Sun","Sat, Sun","Sat, Sun","Mon, Tue, Wed, Thu, Fri, Sat, Sun",Remote work,2 weeks,6 hours a week,I like to synthesize everyone else's work and put everything together,"Good, lots of past group projects",Text,To learn how to build apps!,Good communicating and hard worker,Want things to be done my way
Student 3,student3@example.com,Sun,Sun,Sun,Sun,"Mon, Tue, Wed, Thu, Fri, Sat, Sun","Mon, Tue, Wed, Thu, Fri, Sat, Sun","Mon, Tue, Wed, Thu, Fri, Sat, Sun","Mon, Tue, Wed, Thu, Fri, Sat, Sun",Flexible,When the assignment is given,10 hours,A facilitator,Worked an internship in a team,Text or in person,To make an app worth of being put on my resume,Good at coding and making sure stuff is done on time,Not good at being accountable of teammates
Student 4,student4@example.com,"Mon, Wed","Wed, Fri","Mon, Wed, Fri","Tue, Thu","Mon, Wed, Fri","Mon, Tue, Wed, Thu, Fri","Mon, Tue, Wed, Thu, Fri","Mon, Tue, Wed, Thu, Fri, Sat, Sun",Individual,a week or more before,10 hrs a week,backend developer,lab,"text, discord",apply coding knowledge,good at problem solving,bad at testing
Student 5,student5@example.com,Fri,"Mon, Fri",Wed,Wed,Sun,Mon,Thu,Sat,individual,asap,1 hour,the easiest one,worked in group projects during school,text or discord,to pass it,"computer vision, ray tracing, swift, pandas, c, networks",frontend stuff
Student 6,student6@example.com,"Mon, Wed, Fri","Mon, Wed, Fri","Mon, Wed, Fri","Tue, Thu","Tue, Thu","Mon, Tue, Wed, Thu, Fri",,,"afternoons, assign synchronously and check in but work on own time","as soon as possible, at least delegating tasks",3 hrs,project manager,class projects,"text, email, discord",learn about the whole process of software development,design & testing,"specification, occasional procrastination"
Student 7,student7@example.com,"Mon, Wed, Fri, Sun","Tue, Thu, Sat","Mon, Wed, Fri, Sun","Tue, Thu, Sat","Mon, Wed, Fri, Sun","Tue, Thu, Sat","Mon, Wed, Fri, Sun","Tue, Thu, Sat",Hybrid,A few days before,3-4 hrs per week,The one providing ideas and suggestions,Several group projects,Text and Discord,Get a good grade and learn practical skills,Creativity,Time management
Student 8,student8@example.com,"Wed, Fri","Mon, Wed, Fri","Mon, Wed, Fri","Mon, Wed, Fri","Mon, Wed, Fri","Mon, Wed, Fri","Mon, Tue, Wed, Thu, Fri","Mon, Tue, Wed, Thu, Fri",Working alone,1 week,5-6 hours,Planner,I prefer working alone with some collaboration as long as our separate parts are equal,Email,To learn practical skills,Planning/logistics/correspondence,Getting irritated when things aren't done a little before deadline
Student 9,student9@example.com,"Mon, Tue, Wed, Thu, Fri, Sat, Sun","Mon, Wed, Fri, Sat, Sun","Sat, Sun","Mon, Tue, Wed, Thu, Fri, Sat, Sun","Mon, Tue, Wed, Thu, Fri, Sat, Sun","Mon, Fri, Sat, Sun","Mon, Fri, Sat, Sun","Mon, Tue, Wed, Thu, Fri, Sat, Sun",Divide and conquer style of divvying up work,2 weeks before hand,4 hours per week,"I prefer to be the hands on keyboard driver in a team, developer or architect",I am well versed in team projects. My general experience is it goes well as long as everyone has roughly the same commitment to the class,Text or call,Get an A and internalize the course material,"Architecture and build systems, ability to communicate technical aspects of project requirements","Timely communication, following schedules exactly as planned"
Student 10,student10@example.com,Tue,Tue,,,Wed,Wed,,Thu,Software development,A couple days before,4hrs,Software developer,5+ class teams and 2 intern teams,Discord,A,Coding,Communication
Student 11,student11@example.com,"Mon, Wed","Mon, Wed, Fri","Mon, Wed, Fri",Mon,"Mon, Sat, Sun","Mon, Tue, Thu, Fri, Sat, Sun","Mon, Fri, Sat, Sun","Mon, Fri, Sat",Either in-person or remote,Near the end but not too close,~10 hours,Leader (only when I am knowledgeable and confident about a topic),Moderate,"Call, text, email",Do well in the course,Will work hard despite the circumstances,Prefer to work alone then reconvene later
Student 12,student12@example.com,"Mon, Sat, Sun","Mon, Sat, Sun","Mon, Sat, Sun",Mon,Mon,"Mon, Wed, Fri","Wed, Fri",,I am flexible to the needs of the team,"I prefer to start it well before the due date but work in increments, as to avoid the need for cramming right before deadlines","Generally, my baseline is three hours of work per week for each class unit. But I will vary this as required","I prefer a team with interchangeable parts. Work is delegated by expertise and everyone contributes. If I notice things are not getting done, I will take a leadership role when neccessary",I am a 4th year electrical engineer and have done many group projects for classes and internships,"In person is ideal for meetings, but discord or slack also work fine for planning",To finish the project and get an A,"Good interpersonal skills, good time management",Little tolerance for bad quality work
Student 13,student13@example.com,"Mon, Tue, Wed","Mon, Tue, Wed","Mon, Tue, Wed","Thu, Fri","Thu, Fri","Thu, Fri","Thu, Fri, Sat","Thu, Fri, Sat",Async work with regular check-ins,A week before it's due,6-8 hours weekly,Implementer,Worked on several team projects in other classes,Slack,Learn new technologies and improve my resume,Detail-oriented,Sometimes overthink problems
Student 14,student14@example.com,"Mon, Tue, Wed, Thu, Fri, Sat, Sun","Mon, Tue, Wed, Thu, Fri, Sat, Sun","Mon, Tue, Wed, Thu, Fri, Sat, Sun","Mon, Tue, Wed, Thu, Fri, Sat, Sun","Mon, Tue, Wed, Thu, Fri, Sat, Sun","Mon, Tue, Wed, Thu, Fri, Sat, Sun","Mon, Tue, Wed, Thu, Fri, Sat, Sun","Mon, Tue, Wed, Thu, Fri, Sat, Sun",to not work,shortly after the deadline,i will commit my thoughts and prayers,controller or sentinel,i'm hardstuck shitlo. i bait my team,telepathy,passing,social anxiety,n/a
Student 15,student15@example.com,Fri,Fri,Fri,Fri,Fri,Fri,Fri,Fri,online or in person both fine,few days at the very least; depends on the difficulty of the assignment,few hours a week,worker,idk what this question means,discord,learn and grow and work,efficient worker,sleepy
Student 16,student16@example.com,Fri,Fri,Fri,Thu,"Thu, Sat","Thu, Sat",Sat,Sat,In person,As soon as possible,10hrs/week,I'm good with leading the team or just being a good facilitator,Moderately experienced,Discord,Learn and do well,"Dedicated, fast learner",Sometimes take a long time to finish projects because I want to perfect them
Student 17,student17@example.com,"Mon, Tue, Wed, Thu","Mon, Tue, Wed, Thu","Mon, Tue, Wed, Thu","Mon, Tue, Wed, Thu","Mon, Tue, Wed, Thu","Mon, Tue, Wed, Thu","Mon, Tue, Wed, Thu","Mon, Tue, Wed, Thu",Combination of in-person and remote,At least a week before the deadline,3-4 hours per week,Technical lead,Several team projects in other classes and an internship,Slack or Discord,To get hands-on experience building real products,Strong programming skills,Can be impatient with slower team members
Student 18,student18@example.com,"Mon, Tue, Wed, Thu, Fri","Mon, Tue, Wed, Thu, Fri","Mon, Tue, Wed, Thu, Fri","Sat, Sun","Sat, Sun","Sat, Sun","Sat, Sun","Sat, Sun",In-person collaboration,As soon as it's assigned,8 hours per week,Coder and implementer,I've worked on 3 group projects in other classes,Discord and text,To build a portfolio-worthy project,Fast learner,Getting stressed under tight deadlines
Student 19,student19@example.com,"Sat, Sun","Sat, Sun","Sat, Sun","Sat, Sun","Sat, Sun","Sat, Sun","Sat, Sun","Sat, Sun",Remote work,A few days before,About 5 hours a week,Documentation and testing,Several group projects,Email,To learn useful skills,Attention to detail,Public speaking
Student 20,student20@example.com,"Mon, Wed, Fri","Mon, Wed, Fri","Mon, Wed, Fri","Mon, Wed","Mon, Wed","Mon, Wed","Mon, Wed","Mon, Wed",Hybrid - some in-person some remote,One week before,6 hours per week,I like to organize and coordinate tasks,Worked in teams for 3 other classes,Discord and in-person meetings,To understand software development lifecycle,Organization skills,Can be too controlling sometimes
Student 21,student21@example.com,"Tue, Thu","Tue, Thu","Tue, Thu","Tue, Thu","Tue, Thu","Tue, Thu","Tue, Thu","Tue, Thu",Whatever works best for everyone,2-3 days before the deadline,As much as needed,Designer or front-end developer,Limited but eager to learn,Zoom and text,To make connections with others in the field,Visual design and UX,Backend development
Student 22,student22@example.com,"Mon, Tue, Wed, Thu, Fri, Sat, Sun","Mon, Tue, Wed, Thu, Fri, Sat, Sun","Mon, Tue, Wed, Thu, Fri, Sat, Sun",,,,,,Solo work until group meetings,1-2 days before due,4-5 hours weekly,Researcher and problem solver,Worked on several research projects,Email or text,To build something useful,Analytical thinking,Getting started is hard for me
Student 23,student23@example.com,"Wed, Fri","Wed, Fri","Wed, Fri","Wed, Fri","Wed, Fri",,,"Wed, Fri",In-person preferred,The day after it's assigned,10+ hours per week,Leader or active participant,Multiple group projects and work experience,In-person meetings,To get an A and build something impressive,Leadership and technical skills,Can be too direct sometimes
Student 24,student24@example.com,"Mon, Tue, Wed","Mon, Tue, Wed","Mon, Tue, Wed",,,"Thu, Fri, Sat, Sun","Thu, Fri, Sat, Sun","Thu, Fri, Sat, Sun",Flexible with structure,At least a week before,7-8 hours per week,Coder and technical contributor,Several group projects in other classes,Slack or Discord,To apply classroom knowledge to real-world problems,Coding and problem-solving,Sometimes lose focus on details
Student 25,student25@example.com,"Mon, Wed, Fri","Mon, Wed, Fri","Mon, Wed, Fri","Mon, Wed, Fri","Mon, Wed, Fri","Mon, Wed, Fri","Mon, Wed, Fri","Mon, Wed, Fri",Not too many group meetings,A few days after it's assigned,7 hours per week,I prefer to work independently on assigned tasks,Several group projects in other courses,Email or Discord,To learn new frameworks and tools,Independent work,Group discussions
Student 26,student26@example.com,"Tue, Thu, Sat","Tue, Thu, Sat","Tue, Thu, Sat","Tue, Thu, Sat","Tue, Thu, Sat","Tue, Thu, Sat","Tue, Thu, Sat","Tue, Thu, Sat",Structured collaboration,2 weeks before,6 hours per week,Documentation and testing,Moderate experience in academic projects,Text or email,To develop practical skills,Writing and communication,Getting distracted
Student 27,student27@example.com,"Mon, Wed, Fri","Mon, Wed, Fri","Mon, Wed, Fri","Tue, Thu","Tue, Thu","Tue, Thu","Tue, Thu","Tue, Thu",Remote work with clear deadlines,When I have free time,5-6 hours a week,Backend developer,Worked in multiple team projects,Slack,To build a portfolio project,Debugging and problem-solving,Procrastination
Student 28,student28@example.com,"Mon, Tue, Wed, Thu, Fri, Sat, Sun","Mon, Tue, Wed, Thu, Fri, Sat, Sun",,,,,"Mon, Tue, Wed, Thu, Fri, Sat, Sun","Mon, Tue, Wed, Thu, Fri, Sat, Sun",Flexible,1 week before it's due,Whatever it takes,The one who makes sure everything gets done,Significant team experience in work and school,Text or call,To understand the full development process,Getting things done,Can be too demanding
Student 29,student29@example.com,"Mon, Tue, Wed, Thu, Fri","Mon, Tue, Wed, Thu, Fri","Mon, Tue, Wed, Thu, Fri","Mon, Tue, Wed, Thu, Fri","Mon, Tue, Wed, Thu, Fri","Mon, Tue, Wed, Thu, Fri","Mon, Tue, Wed, Thu, Fri","Mon, Tue, Wed, Thu, Fri",I prefer to work both individually and in a team,As soon as the assignment is given,9-10 hours,I like to lead discussions and help organize,Internship and several class projects,Text and Discord,To understand the software development lifecycle,Communication and organization,Perfectionism
Student 30,student30@example.com,"Mon, Wed, Fri","Mon, Wed, Fri","Mon, Wed","Mon, Wed","Mon, Wed","Mon, Wed","Mon, Wed","Mon, Wed",In-person meetings with remote work,2-3 days before deadline,4 hours per week,Implementer,Some group projects,Discord,To build something practical,Adaptability,Overthinking
Student 31,student31@example.com,"Tue, Thu, Sat","Tue, Thu, Sat","Tue, Thu, Sat","Tue, Thu, Sat","Tue, Thu, Sat","Tue, Thu, Sat","Tue, Thu, Sat","Tue, Thu, Sat",Both in-person and virtual,1 day before it's due,7-8 hours per week,Whatever is needed to get the job done,Lots of experience in hackathons,Text or Discord,To ace the class and build something cool,Creativity and out-of-the-box thinking,Getting lost in the details
Student 32,student32@example.com,"Mon, Tue, Wed, Thu, Fri, Sat, Sun","Mon, Tue, Wed, Thu, Fri, Sat, Sun","Mon, Tue, Wed, Thu, Fri, Sat, Sun","Mon, Tue, Wed, Thu, Fri, Sat, Sun","Mon, Tue, Wed, Thu, Fri, Sat, Sun",,,,No preference,When I have free time,2-3 hours weekly,Follower,Not much experience,Text,To learn the basics,Willingness to learn,Technical knowledge
Student 33,student33@example.com,"Mon, Tue, Wed, Thu, Fri","Mon, Tue, Wed, Thu, Fri","Mon, Tue, Wed, Thu, Fri","Mon, Tue, Wed, Thu, Fri","Mon, Tue, Wed, Thu, Fri","Mon, Tue, Wed, Thu, Fri","Mon, Tue, Wed, Thu, Fri","Mon, Tue, Wed, Thu, Fri",Divide and conquer,1 week before deadline,6-7 hours,Code reviewer,Several team projects,In-person and Discord,To learn industry-standard practices,Attention to detail,Sometimes too critical
Student 34,student34@example.com,"Wed, Fri","Wed, Fri","Wed, Fri",,"Wed, Fri","Wed, Fri","Wed, Fri","Wed, Fri",Flexible but structured,A few days after assignment,5 hours per week,Creative contributor,Multiple group projects,Discord,To build something I'm proud of,Creativity and imagination,Following strict guidelines
Student 35,student35@example.com,"Mon, Wed, Fri","Mon, Wed, Fri","Mon, Wed, Fri","Mon, Wed, Fri","Mon, Wed, Fri","Mon, Wed, Fri","Mon, Wed, Fri","Mon, Wed, Fri",In-person meetings,Last minute,5-6 hours weekly,Task implementer,Worked on several group projects,Slack,To just pass the class,Coding,Meeting deadlines
Student 36,student36@example.com,"Tue, Thu, Sat, Sun","Tue, Thu, Sat, Sun","Tue, Thu, Sat, Sun","Tue, Thu, Sat, Sun","Tue, Thu, Sat, Sun","Tue, Thu, Sat, Sun","Tue, Thu, Sat, Sun","Tue, Thu, Sat, Sun",Remote work,A few days before it's due,8-10 hours,Technical advisor,Multiple team projects in previous classes,Email,To learn new technologies,Technical knowledge,Explaining things to others
Student 37,student37@example.com,,,"Mon, Tue, Wed, Thu, Fri","Mon, Tue, Wed, Thu, Fri","Mon, Tue, Wed, Thu, Fri","Mon, Tue, Wed, Thu, Fri","Mon, Tue, Wed, Thu, Fri","Mon, Tue, Wed, Thu, Fri",Flexible,1-2 days before,4 hours per week,Backend developer,Limited,Discord,To learn new programming languages,Problem-solving,Time management
Student 38,student38@example.com,"Mon, Tue, Wed, Thu, Fri, Sat, Sun","Mon, Tue, Wed, Thu, Fri, Sat, Sun","Mon, Tue, Wed, Thu, Fri, Sat, Sun","Mon, Tue, Wed, Thu, Fri, Sat, Sun","Mon, Tue, Wed, Thu, Fri, Sat, Sun","Mon, Tue, Wed, Thu, Fri, Sat, Sun","Mon, Tue, Wed, Thu, Fri, Sat, Sun","Mon, Tue, Wed, Thu, Fri, Sat, Sun",Hybrid,As soon as possible,10+ hours per week,Team leader,Multiple academic and professional projects,Zoom and Slack,To build an impressive portfolio project,Leadership and technical skills,Delegating tasks
Student 39,student39@example.com,,,"Mon, Wed, Fri","Mon, Wed, Fri","Mon, Wed, Fri","Mon, Wed, Fri","Mon, Wed, Fri","Mon, Wed, Fri",In-person,A week before deadline,5-6 hours per week,Project manager,Several group projects,Text or email,To develop teamwork skills,Organization,Public speaking
Student 40,student40@example.com,"Tue, Thu","Tue, Thu","Tue, Thu","Tue, Thu","Tue, Thu","Tue, Thu","Tue, Thu","Tue, Thu",Whatever works for the team,2-3 days before,3-4 hours weekly,Coder,Some group projects,Discord,To improve my coding skills,Technical knowledge,Communication
Student 41,student41@example.com,"Mon, Wed, Fri, Sat, Sun","Mon, Wed, Fri, Sat, Sun","Mon, Wed, Fri, Sat, Sun","Mon, Wed, Fri, Sat, Sun","Mon, Wed, Fri, Sat, Sun","Mon, Wed, Fri, Sat, Sun","Mon, Wed, Fri, Sat, Sun","Mon, Wed, Fri, Sat, Sun",Flexible but efficient,A few days before,6-7 hours per week,The one who does the work,Multiple team projects,Slack or Discord,To learn new tools and technologies,Hard work and dedication,Impatience
Student 42,student42@example.com,"Mon, Tue, Wed, Thu, Fri","Mon, Tue, Wed, Thu, Fri","Mon, Tue, Wed, Thu, Fri",,,"Mon, Tue, Wed, Thu, Fri","Mon, Tue, Wed, Thu, Fri","Mon, Tue, Wed, Thu, Fri",Divide and conquer,1 week before,8 hours per week,Frontend developer,Several academic projects,Text or Discord,To build something I can show employers,UI/UX design,Backend development
Student 43,student43@example.com,"Tue, Thu, Sat","Tue, Thu, Sat","Tue, Thu, Sat","Tue, Thu, Sat","Tue, Thu, Sat","Tue, Thu, Sat","Tue, Thu, Sat","Tue, Thu, Sat",Remote work,A few hours before,4-5 hours weekly,Whatever is needed,Limited experience,Discord,To learn practical skills,Adaptability,Time management
Student 44,student44@example.com,"Mon, Wed, Fri","Mon, Wed, Fri","Mon, Wed, Fri","Mon, Wed, Fri","Mon, Wed, Fri","Mon, Wed, Fri","Mon, Wed, Fri","Mon, Wed, Fri",In-person preferred,As soon as assigned,10+ hours,Team leader,Multiple projects,Email or text,To get a good grade,Leadership,Delegating tasks
Student 45,student45@example.com,"Sun, Mon, Tue, Wed, Thu, Fri, Sat","Sun, Mon, Tue, Wed, Thu, Fri, Sat","Sun, Mon, Tue, Wed, Thu, Fri, Sat","Sun, Mon, Tue, Wed, Thu, Fri, Sat","Sun, Mon, Tue, Wed, Thu, Fri, Sat","Sun, Mon, Tue, Wed, Thu, Fri, Sat","Sun, Mon, Tue, Wed, Thu, Fri, Sat","Sun, Mon, Tue, Wed, Thu, Fri, Sat",Flexible approach,3-4 days before,6-7 hours per week,Contributor,Several academic projects,Discord,To learn new technologies,Technical skills,Communication
Student 46,student46@example.com,"Mon, Tue, Wed, Thu, Fri","Mon, Tue, Wed, Thu, Fri","Mon, Tue, Wed, Thu, Fri","Mon, Tue, Wed, Thu, Fri","Mon, Tue, Wed, Thu, Fri","Mon, Tue, Wed, Thu, Fri","Mon, Tue, Wed, Thu, Fri","Mon, Tue, Wed, Thu, Fri",Collaborative work,A few days before,5-6 hours weekly,Active participant,Multiple group projects,Slack,To build a good portfolio project,Teamwork,Working under pressure
Student 47,student47@example.com,"Tue, Thu","Tue, Thu",,,"Tue, Thu","Tue, Thu","Tue, Thu","Tue, Thu",Structured approach,A week before,4 hours per week,Task implementer,Several group projects,Discord,To learn new programming languages,Coding,Getting started
Student 48,student48@example.com,"Mon, Wed, Fri, Sat, Sun","Mon, Wed, Fri, Sat, Sun","Mon, Wed, Fri, Sat, Sun","Mon, Wed, Fri, Sat, Sun","Mon, Wed, Fri, Sat, Sun","Mon, Wed, Fri, Sat, Sun","Mon, Wed, Fri, Sat, Sun","Mon, Wed, Fri, Sat, Sun",Remote work,Last minute,7-8 hours per week,Backend developer,Multiple projects,Discord,To build a project for my resume,Problem-solving,Front-end development
Student 49,student49@example.com,"Mon, Tue, Wed, Thu, Fri","Mon, Tue, Wed, Thu, Fri","Mon, Tue, Wed, Thu, Fri","Mon, Tue, Wed, Thu, Fri","Mon, Tue, Wed, Thu, Fri","Mon, Tue, Wed, Thu, Fri","Mon, Tue, Wed, Thu, Fri","Mon, Tue, Wed, Thu, Fri",In-person,As soon as assigned,10+ hours weekly,Team leader,Multiple academic and professional projects,Text or email,To build a professional-quality project,Leadership and organization,Perfectionism
Student 50,student50@example.com,"Wed, Fri","Wed, Fri","Wed, Fri","Wed, Fri","Wed, Fri","Wed, Fri","Wed, Fri","Wed, Fri",Flexible,2-3 days before,5-6 hours per week,Technical contributor,Several group projects,Discord,To learn industry-standard practices,Technical skills,Public speaking
Student 51,student51@example.com,"Tue, Thu, Sat","Tue, Thu, Sat","Tue, Thu, Sat","Tue, Thu, Sat","Tue, Thu, Sat","Tue, Thu, Sat","Tue, Thu, Sat","Tue, Thu, Sat",Remote work,A few days before,4-5 hours weekly,Developer,Limited experience,Slack,To improve my coding skills,Problem-solving,Time management
Student 52,student52@example.com,"Mon, Wed, Fri, Sat, Sun","Mon, Wed, Fri, Sat, Sun","Mon, Wed, Fri, Sat, Sun","Mon, Wed, Fri, Sat, Sun","Mon, Wed, Fri, Sat, Sun","Mon, Wed, Fri, Sat, Sun","Mon, Wed, Fri, Sat, Sun","Mon, Wed, Fri, Sat, Sun",Flexible,1 week before,8 hours per week,Team coordinator,Multiple projects,Discord,To build something impressive,Organization,Patience
Student 53,student53@example.com,"Mon, Tue, Wed, Thu, Fri","Mon, Tue, Wed, Thu, Fri","Mon, Tue, Wed, Thu, Fri","Mon, Tue, Wed, Thu, Fri","Mon, Tue, Wed, Thu, Fri","Mon, Tue, Wed, Thu, Fri","Mon, Tue, Wed, Thu, Fri","Mon, Tue, Wed, Thu, Fri",In-person,As soon as assigned,10+ hours weekly,Active participant,Multiple academic projects,Text or email,To get an A,Hard work and dedication,Perfectionism
Student 54,student54@example.com,,"Mon, Wed, Fri","Mon, Wed, Fri","Mon, Wed, Fri","Mon, Wed, Fri","Mon, Wed, Fri","Mon, Wed, Fri","Mon, Wed, Fri",Flexible,A few days before,5-6 hours per week,Coder,Several group projects,Discord,To learn new programming languages,Technical skills,Communication
Student 55,student55@example.com,"Tue, Thu, Sat","Tue, Thu, Sat","Tue, Thu, Sat","Tue, Thu, Sat","Tue, Thu, Sat","Tue, Thu, Sat","Tue, Thu, Sat","Tue, Thu, Sat",Remote work,Last minute,4-5 hours weekly,Backend developer,Multiple projects,Slack,To build something for my portfolio,Problem-solving,Time management
Student 56,student56@example.com,"Mon, Wed, Fri, Sat, Sun","Mon, Wed, Fri, Sat, Sun","Mon, Wed, Fri, Sat, Sun","Mon, Wed, Fri, Sat, Sun","Mon, Wed, Fri, Sat, Sun","Mon, Wed, Fri, Sat, Sun","Mon, Wed, Fri, Sat, Sun","Mon, Wed, Fri, Sat, Sun",I prefer to work in short bursts,A couple of days before,6-7 hours per week,UI/UX designer,Several academic projects,Discord,To learn modern development practices,Design skills,Backend development
Student 57,student57@example.com,"Thu, Fri","Thu, Fri","Thu, Fri","Thu, Fri","Thu, Fri","Thu, Fri","Thu, Fri","Thu, Fri",I like to have clear task assignments,A week before,5 hours per week,Task implementer,Two group projects in other classes,Email,To build something useful,Reliability,Creativity
Student 58,student58@example.com,"Mon, Wed","Mon, Wed","Mon, Wed","Mon, Wed","Mon, Wed","Mon, Wed","Mon, Wed","Mon, Wed",I prefer to work remotely,A few days before,4-5 hours weekly,Developer,Limited experience,Discord,To improve my technical skills,Coding,Public speaking
Student 59,student59@example.com,"Sun, Mon, Tue, Wed, Thu, Fri, Sat","Sun, Mon, Tue, Wed, Thu, Fri, Sat","Sun, Mon, Tue, Wed, Thu, Fri, Sat","Sun, Mon, Tue, Wed, Thu, Fri, Sat","Sun, Mon, Tue, Wed, Thu, Fri, Sat","Sun, Mon, Tue, Wed, Thu, Fri, Sat","Sun, Mon, Tue, Wed, Thu, Fri, Sat","Sun, Mon, Tue, Wed, Thu, Fri, Sat",Flexible,1 week before,8-10 hours per week,Technical lead,Multiple projects,Slack,To build a professional-quality project,Technical skills,Communication
Student 60,student60@example.com,"Mon, Tue, Wed, Thu, Fri","Mon, Tue, Wed, Thu, Fri","Mon, Tue, Wed, Thu, Fri","Mon, Tue, Wed, Thu, Fri","Mon, Tue, Wed, Thu, Fri","Mon, Tue, Wed, Thu, Fri","Mon, Tue, Wed, Thu, Fri","Mon, Tue, Wed, Thu, Fri",In-person,As soon as assigned,10+ hours weekly,Team leader,Multiple academic and professional projects,Text or email,To get an A,Leadership and organization,Delegating tasks
Student 61,student61@example.com,"Wed, Fri","Wed, Fri","Wed, Fri","Wed, Fri","Wed, Fri","Wed, Fri","Wed, Fri","Wed, Fri",Flexible,2-3 days before,5-6 hours per week,Technical contributor,Several group projects,Discord,To learn industry-standard practices,Technical skills,Time management
Student 62,student62@example.com,"Tue, Thu, Sat","Tue, Thu, Sat","Tue, Thu, Sat","Tue, Thu, Sat","Tue, Thu, Sat","Tue, Thu, Sat","Tue, Thu, Sat","Tue, Thu, Sat",Remote work,A few days before,4-5 hours weekly,Developer,Limited experience,Slack,To improve my coding skills,Problem-solving,Team communication
Student 63,student63@example.com,"Mon, Wed, Fri, Sat, Sun","Mon, Wed, Fri, Sat, Sun","Mon, Wed, Fri, Sat, Sun","Mon, Wed, Fri, Sat, Sun","Mon, Wed, Fri, Sat, Sun","Mon, Wed, Fri, Sat, Sun","Mon, Wed, Fri, Sat, Sun","Mon, Wed, Fri, Sat, Sun",Flexible,1 week before,8 hours per week,Team coordinator,Multiple projects,Discord,To build something impressive,Organization,Patience
Student 64,student64@example.com,"Mon, Tue, Wed, Thu, Fri","Mon, Tue, Wed, Thu, Fri","Mon, Tue, Wed, Thu, Fri","Mon, Tue, Wed, Thu, Fri","Mon, Tue, Wed, Thu, Fri","Mon, Tue, Wed, Thu, Fri","Mon, Tue, Wed, Thu, Fri","Mon, Tue, Wed, Thu, Fri",divide and conquer,2-3 days before,6-8 hours per week,The one who types the code,Several class projects,Text messages,To pass with a B or better,Coding and debugging,Explaining my code to others
Student 65,student65@example.com,"Mon, Wed","Mon, Wed","Mon, Wed","Mon, Wed","Mon, Wed","Mon, Wed","Mon, Wed","Mon, Wed",In-person preferred,After procrastinating for a while,5 hours per week,The one who does all the work at the last minute,A few class projects,Discord,To just get through it,Working under pressure,Starting tasks early
Student 66,student66@example.com,"Tue, Thu","Tue, Thu","Tue, Thu","Tue, Thu","Tue, Thu","Tue, Thu","Tue, Thu","Tue, Thu",Structured with clear deadlines,About a week before due,4 hours per week,Documentation specialist,Several team projects,Email and text,To understand the development process,Technical writing,Coding
Student 67,student67@example.com,"Mon, Tue, Wed, Thu, Fri, Sat, Sun","Mon, Tue, Wed, Thu, Fri, Sat, Sun","Mon, Tue, Wed, Thu, Fri, Sat, Sun","Mon, Tue, Wed, Thu, Fri, Sat, Sun","Mon, Tue, Wed, Thu, Fri, Sat, Sun","Mon, Tue, Wed, Thu, Fri, Sat, Sun","Mon, Tue, Wed, Thu, Fri, Sat, Sun","Mon, Tue, Wed, Thu, Fri, Sat, Sun",Night owl,A day before,5 hours per week,Coder,Not much experience,Text,To learn mobile development,Algorithm design,Morning meetings
Student 68,student68@example.com,"Mon, Tue, Wed, Thu, Fri","Mon, Tue, Wed, Thu, Fri","Mon, Tue, Wed, Thu, Fri","Mon, Tue, Wed, Thu, Fri","Mon, Tue, Wed, Thu, Fri","Mon, Tue, Wed, Thu, Fri","Mon, Tue, Wed, Thu, Fri","Mon, Tue, Wed, Thu, Fri",In person with clear work distribution,Just enough time to get it done,8 hours weekly,Task master,Limited but enthusiastic,Discord,To learn practical skills for job hunting,Organization,Being too blunt
Student 69,student69@example.com,"Mon, Tue, Wed",,"Mon, Wed","Mon, Wed, Fri",,"Tue, Thu",,"Mon, Tue, Wed, Thu, Fri",Hybrid - some in-person and some remote,1 week before,6-8 hours per week,I like to be the organizer/planner,Several group projects in previous classes,Discord,To build a portfolio project I can show to employers,Organization and time management,Sometimes overthink solutions
Student 70,student70@example.com,,"Tue, Thu","Tue, Thu","Tue, Thu","Tue, Thu","Tue, Thu","Tue, Thu","Tue, Thu",Remote collaboration,3-4 days before,Around 5 hours weekly,Technical specialist,Limited but eager to learn,Slack,Get hands-on experience with real software development,Detail-oriented coding,Public speaking
Student 71,student71@example.com,"Wed, Fri","Wed, Fri","Wed, Fri","Wed, Fri","Wed, Fri","Wed, Fri","Wed, Fri","Wed, Fri",In-person meetings with remote work in between,At least 2 weeks before,7-9 hours per week,Leadership role,Project manager in previous internship,"Zoom, Email",Learn industry best practices,Project management,Can be impatient with slow progress
Student 72,student72@example.com,Sat,Sat,Sat,Sat,Sat,Sat,Sat,Sat,Whatever works for the team,Just before it's due,Minimal - just enough to pass,Just tell me what to do,"Good, worked in several teams",Instagram DM,Pass the class with minimal effort,Working under pressure,Motivation
Student 73,student73@example.com,"Mon, Thu","Mon, Thu","Mon, Thu","Mon, Thu","Mon, Thu","Mon, Thu","Mon, Thu","Mon, Thu",Individual work with group check-ins,1 day before deadline,8-10 hours,Coder/implementer,4 years of team projects,"Microsoft Teams, Email",Get an A and build something impressive,Fast coder,Poor documentation habits
Student 74,student74@example.com,"Tue, Sat, Sun","Tue, Sat, Sun","Tue, Sat, Sun","Tue, Sat, Sun","Tue, Sat, Sun","Tue, Sat, Sun","Tue, Sat, Sun","Tue, Sat, Sun",Flexible - can adapt to team needs,Immediately after assignment is given,As much as needed to excel,I prefer to be the researcher,Mixed - some good some bad experiences,Text and email,To challenge myself and improve my skills,Research and analysis,Can get stuck in analysis paralysis
Student 75,student75@example.com,,,,,"Mon, Tue, Wed, Thu, Fri","Mon, Tue, Wed, Thu, Fri","Mon, Tue, Wed, Thu, Fri","Mon, Tue, Wed, Thu, Fri",Remote work only,2-3 days before,12-15 hours per week,Technical lead,Very experienced in software development teams,Github and Discord,To expand my technical skills,Technical knowledge,Sometimes too critical of others' code
Student 76,student76@example.com,"Mon, Wed, Fri","Mon, Wed, Fri","Mon, Wed, Fri","Mon, Wed, Fri","Mon, Wed, Fri",,,,Collaborative but with clear individual responsibilities,Start early but work gradually,5-7 hours weekly,Creative problem solver,Several successful team projects,WhatsApp group chat,Learn new technologies,Creative thinking,Dislike tedious tasks
Student 77,student77@example.com,Sun,Sun,Sun,Sun,Sun,Sun,Sun,Sun,Asynchronous collaboration,The night before,Whatever it takes,Quality control,Several team competitions,"Face-to-face, no digital if possible",To network with classmates,Attention to detail,Procrastination
Student 78,student78@example.com,,,"Mon, Tue, Wed, Thu","Mon, Tue, Wed, Thu","Mon, Tue, Wed, Thu","Mon, Tue, Wed, Thu",,,"Small group, face-to-face",About a week before,6 hours per week,Documentation specialist,Good experiences in academic teams,Google Meet,To improve my collaboration skills,Writing clear documentation,Sometimes too verbose
Student 79,student79@example.com,"Thu, Fri, Sat","Thu, Fri, Sat","Thu, Fri, Sat",,,,"Thu, Fri, Sat","Thu, Fri, Sat",Solo work until integration,3 days prior to deadline,4-5 hours weekly,Backend developer,Multiple internships with team components,Email only,To understand full software development lifecycle,Backend development,Front-end design
Student 80,student80@example.com,"Mon, Tue, Wed, Thu, Fri, Sat, Sun","Mon, Tue, Wed, Thu, Fri, Sat, Sun","Mon, Tue, Wed, Thu, Fri, Sat, Sun","Mon, Tue, Wed, Thu, Fri, Sat, Sun","Mon, Tue, Wed, Thu, Fri, Sat, Sun","Mon, Tue, Wed, Thu, Fri, Sat, Sun","Mon, Tue, Wed, Thu, Fri, Sat, Sun","Mon, Tue, Wed, Thu, Fri, Sat, Sun",Always available to help,Immediately,20+ hours per week,Team cheerleader/motivator,Love working in teams!,Any method - always responsive,To make friends and create something cool,Enthusiasm and energy,Sometimes too enthusiastic
Student 81,student81@example.com,"Mon, Wed","Mon, Wed",,"Mon, Wed",,"Mon, Wed",,"Mon, Wed",Split work evenly,2 weeks before deadline,8 hours per week,Frontend specialist,Moderate - some team projects in other classes,Slack and Zoom,To build something I can show my parents,UI/UX design,Not great with databases
Student 82,student82@example.com,Tue,Tue,Tue,Tue,Tue,Tue,Tue,Tue,Structured approach with regular meetings,Several small sessions throughout,3-4 hours per week,Silent contributor,Limited,Text messages,Just to pass the course,Working independently,Speaking up in meetings
Student 83,student83@example.com,"Fri, Sat, Sun","Fri, Sat, Sun","Fri, Sat, Sun","Fri, Sat, Sun","Fri, Sat, Sun","Fri, Sat, Sun","Fri, Sat, Sun","Fri, Sat, Sun",Online meetings with independent work,At least 5 days before,10-12 hours weekly,Coordinator between team members,Several hackathons and class projects,Discord and in-person,To create something useful and meaningful,Communication across technical levels,Can be too controlling sometimes
Student 84,student84@example.com,,,"Wed, Thu, Fri","Wed, Thu, Fri","Wed, Thu, Fri","Wed, Thu, Fri","Wed, Thu, Fri","Wed, Thu, Fri",Late night coding sessions,Last minute rush,Variable depending on workload,Code reviewer,Pretty good - usually the reliable one,Signal (encrypted messaging),Learn about team dynamics in software projects,Debugging,Starting tasks
Student 85,student85@example.com,"Mon, Tue, Wed, Thu, Fri","Mon, Tue, Wed, Thu, Fri",,,,"Mon, Tue, Wed, Thu, Fri","Mon, Tue, Wed, Thu, Fri","Mon, Tue, Wed, Thu, Fri",In-person morning meetings followed by individual work,One week before,7 hours per week,Testing and QA,Mixed - prefer small teams,Email for formal communication; text for quick questions,To improve my resume,Thorough testing,Sometimes too perfectionist
Student 86,student86@example.com,"Sat, Sun","Sat, Sun","Sat, Sun","Sat, Sun","Sat, Sun","Sat, Sun","Sat, Sun","Sat, Sun",Weekend warrior - bulk work on weekends,Start early then procrastinate until last day,15 hours (all on weekends),Jack of all trades,Decent but prefer weekends,Email and Discord,To challenge myself technically,Adaptability,Work-life balance issues
Student 87,student87@example.com,,"Mon, Tue, Wed, Thu, Fri","Mon, Tue, Wed, Thu, Fri","Mon, Tue, Wed, Thu, Fri","Mon, Tue, Wed, Thu, Fri",,,,"Pair programming for difficult parts, solo for the rest",3 weeks before due date,8-10 hours per week,DevOps/infrastructure specialist,Previous internship at tech company,"Slack, GitHub comments",To understand professional development practices,CI/CD pipeline setup,Sometimes overcomplicate simple tasks
Student 88,student88@example.com,Tue,Tue,Tue,Tue,,,,,Agile methodology with daily standups,Gradually over time,6 hours weekly,Scrum master,Extensive in professional setting,Daily standup meetings,To implement Agile methodology in practice,Process organization,Getting too caught up in process over product
Student 89,student89@example.com,"Mon, Wed, Fri",,,"Mon, Wed, Fri",,,"Mon, Wed, Fri",,Divide and conquer with clear ownership,1-2 days before,Depends on the assignment,Architect/system designer,Multiple successful team projects,"Teams, Email",Build something technically challenging,System architecture design,Sometimes too ambitious in scope
Student 90,student90@example.com,,"Tue, Thu, Sat, Sun","Tue, Thu, Sat, Sun","Tue, Thu, Sat, Sun","Tue, Thu, Sat, Sun","Tue, Thu, Sat, Sun","Tue, Thu, Sat, Sun","Tue, Thu, Sat, Sun",Flexible schedule but clear deliverables,4-5 days before,About 9 hours per week,Integration specialist,Several long-term projects,"GitHub, Jira",To understand how different components work together,Making things work seamlessly,Sometimes miss edge cases
Student 91,student91@example.com,"Thu, Sun","Thu, Sun","Thu, Sun","Thu, Sun","Thu, Sun","Thu, Sun","Thu, Sun","Thu, Sun",Bi-weekly in-depth meetings with online updates,A few days after it's assigned then last minute,5 hours per week with crunch time,I adapt to what the team needs,Both academic and professional experience,"Slack, occasional calls",To get practical experience for my resume,Flexibility and adaptation,Sometimes lack focus
Student 92,student92@example.com,Wed,Wed,Wed,Wed,Wed,Wed,Wed,Wed,Fixed schedule with clear deadlines,Mid-way between assignment and deadline,7 hours weekly,User advocate/UX specialist,Several design teams,"Figma comments, Discord",To focus on user experience in development,User-centered thinking,Technical implementation can be weak
Student 93,student93@example.com,"Mon, Tue, Wed, Thu, Fri, Sat",,"Mon, Tue, Wed, Thu, Fri, Sat",,"Mon, Tue, Wed, Thu, Fri, Sat",,"Mon, Tue, Wed, Thu, Fri, Sat",,Structured planning with flexible execution,Create a schedule right away,8-12 hours depending on workload,Project manager with technical understanding,Led multiple successful team projects,"Monday.com, Email",To learn management skills alongside technical ones,Planning and execution,Can be too controlling
Student 94,student94@example.com,"Mon, Fri","Mon, Fri","Mon, Fri","Mon, Fri","Mon, Fri","Mon, Fri","Mon, Fri","Mon, Fri",Clear documentation and communication channels,2 weeks before with daily progress,6 hours per week,Documentation and knowledge management,Strong team background in previous jobs,"Notion, Slack",To improve my technical documentation skills,Clear writing,Sometimes too detailed in documentation
Student 95,student95@example.com,,,"Tue, Sat, Sun","Tue, Sat, Sun","Tue, Sat, Sun","Tue, Sat, Sun","Tue, Sat, Sun","Tue, Sat, Sun",Remote with occasional in-person sessions,Start early but most work at the end,Variable - usually 5-10 hours,Technical architect,Good but with room for improvement,"WhatsApp, Zoom",To deepen my understanding of design patterns,Architecture planning,Implementation can be messy
Student 96,student96@example.com,"Mon, Thu, Fri","Mon, Thu, Fri","Mon, Thu, Fri",,,,"Mon, Thu, Fri","Mon, Thu, Fri",Balanced workload with clear expectations,Create a plan first day then execute later,About 9 hours weekly,Mediator/facilitator,Mixed - some conflicts in past teams,"Discord, in-person",To improve team dynamics and communication,Conflict resolution,Sometimes avoid necessary confrontation
Student 97,student97@example.com,Wed,Wed,Wed,Wed,Wed,Wed,Wed,Wed,Incremental development with regular check-ins,Consistent work from day 1,7 hours per week,Code reviewer and quality control,Multiple successful projects,"GitHub PR comments, Slack",To build something robust and well-tested,Code quality focus,Sometimes too strict on standards
Student 98,student98@example.com,"Tue, Thu","Tue, Thu","Tue, Thu","Tue, Thu","Tue, Thu","Tue, Thu","Tue, Thu","Tue, Thu",Fixed meeting times with flexible work hours,Two small sessions per week,5-6 hours per week,API/integration specialist,Several group projects in CS classes,"Postman sharing, Discord",To understand how systems connect,Integration testing,Frontend design
Student 99,student99@example.com,"Fri, Sat, Sun","Fri, Sat, Sun","Fri, Sat, Sun","Fri, Sat, Sun","Fri, Sat, Sun",,,,Weekend intensive work with weekday updates,48 hours before deadline,10 hours (mostly weekends),Database specialist,A few projects requiring DB work,"SQL snippets in chat, email",To improve my database design skills,Database optimization,UI is not my strength
Student 100,student100@example.com,"Mon, Tue, Wed, Thu",,"Mon, Tue, Wed, Thu",,"Mon, Tue, Wed, Thu",,"Mon, Tue, Wed, Thu",,Regular hours with defined responsibilities,1 week before with daily tasks,8 hours per week,Security specialist,Professional experience in security teams,"Signal, face-to-face",To incorporate security best practices,Security mindset,Sometimes paranoid about vulnerabilities
Student 101,student101@example.com,,,,"Wed, Thu, Fri, Sat, Sun","Wed, Thu, Fri, Sat, Sun","Wed, Thu, Fri, Sat, Sun","Wed, Thu, Fri, Sat, Sun","Wed, Thu, Fri, Sat, Sun",Afternoon/evening collaboration,3 days of intense work before deadline,Up to 20 hours when needed,Algorithm specialist,Academic competition teams,"Discord, Zoom",To work on challenging technical problems,Algorithm optimization,Sometimes overengineer solutions
Student 102,student102@example.com,"Mon, Wed, Fri, Sun","Mon, Wed, Fri, Sun","Mon, Wed, Fri, Sun","Mon, Wed, Fri, Sun","Mon, Wed, Fri, Sun","Mon, Wed, Fri, Sun","Mon, Wed, Fri, Sun","Mon, Wed, Fri, Sun",Alternating solo work and pair programming,Spread out evenly with milestones,12 hours per week,Mobile specialist,Several app development teams,"Slack, TestFlight sharing",To create a polished mobile application,Cross-platform development,Sometimes struggle with native features
Student 103,student103@example.com,Sat,Sat,Sat,Sat,Sat,Sat,Sat,Sat,Deep work sessions with minimal interruptions,Last possible moment that works,4-5 hours concentrated work,Independent contributor with specific tasks,Prefer solo work but can collaborate,"Email only, no chat",To improve my technical expertise,Focused productivity,Collaboration and communication
Student 104,student104@example.com,,"Tue, Wed","Tue, Wed","Tue, Wed","Tue, Wed","Tue, Wed","Tue, Wed",,Regular sync-ups with independent execution,Immediately look at it then start 1 week before,7 hours per week,DevOps and deployment specialist,Good experience with CI/CD teams,"GitHub Actions updates, Slack",To streamline development workflows,Automation,"Sometimes too ""in the weeds"""
Student 105,student105@example.com,"Mon, Tue, Wed, Thu, Fri",,"Mon, Tue, Wed, Thu, Fri",,"Mon, Tue, Wed, Thu, Fri",,"Mon, Tue, Wed, Thu, Fri",,Morning meetings with afternoon execution,Break it into daily tasks from the start,9-10 hours weekly,Full-stack but stronger on backend,Several successful team projects,"Discord, Trello",To improve my front-end skills,Backend architecture,Visual design sense
Student 106,student106@example.com,"Thu, Fri, Sat, Sun","Thu, Fri, Sat, Sun","Thu, Fri, Sat, Sun","Thu, Fri, Sat, Sun",,,,,End of week intensive work,Start immediately but most work at end,12-15 hours (concentrated),Performance optimization specialist,Mixed experiences,"GitHub issues, direct chat",To build something technically impressive,Performance tuning,Sometimes optimize prematurely
Student 107,student107@example.com,"Mon, Tue, Wed, Thu, Fri, Sat, Sun","Mon, Tue, Wed, Thu, Fri, Sat, Sun","Mon, Tue, Wed, Thu, Fri, Sat, Sun",,,,,,Flexible but responsive,No preference - depends on team,As much as the project requires,Utility player - fill in where needed,Great adaptability in past teams,"Any method, always responsive",To be a valuable team member,Adaptability,Sometimes lack specialization
Student 108,student108@example.com,,,"Mon, Wed, Fri",,"Mon, Wed, Fri",,"Mon, Wed, Fri",,Alternating days of focus,4-5 days before due,6-8 hours per week,Cloud infrastructure specialist,Professional DevOps experience,"Terraform sharing, Slack",To implement cloud-native solutions,AWS/Azure expertise,Over-reliance on cloud services
Student 109,student109@example.com,"Tue, Thu","Tue, Thu","Tue, Thu","Tue, Thu","Tue, Thu","Tue, Thu","Tue, Thu","Tue, Thu",Scheduled team work with individual focus time,Start early with consistent progress,5 hours per week plus extra near deadlines,Documentation and presentation specialist,Good at explaining technical concepts,"Google Docs, Zoom",To create well-documented code,Clear explanations,Sometimes too wordy
Student 110,student110@example.com,Mon,Mon,Mon,Mon,Mon,Mon,Mon,Mon,Fixed weekly schedule,Set a personal deadline 2 days early,7 hours consistently each week,Test automation specialist,QA team experience,"Jira tickets, Email",To implement CI/CD testing,Testing automation,Manual testing can be boring
Student 111,student111@example.com,,"Wed, Sat, Sun","Wed, Sat, Sun","Wed, Sat, Sun","Wed, Sat, Sun","Wed, Sat, Sun",,,Mixed schedule with bursts of productivity,Start fast then slow down until deadline approaches,Variable - 5-15 hours,Graphics/visualization specialist,UI/UX team projects,"Figma sharing, Discord",To create visually appealing applications,Creative visualization,Backend logic
Student 112,student112@example.com,"Fri, Sat","Fri, Sat","Fri, Sat","Fri, Sat","Fri, Sat","Fri, Sat","Fri, Sat","Fri, Sat",End of week focus,Deadline minus 3 days,10 hours (mostly weekends),Machine learning integration,Data science team projects,"Jupyter notebook sharing, Slack",To incorporate ML into applications,Data analysis,Sometimes overfit solutions
Student 113,student113@example.com,"Mon, Tue, Wed, Thu","Mon, Tue, Wed, Thu","Mon, Tue, Wed, Thu","Mon, Tue, Wed, Thu",,,,,First half of week intensive,Split work across days available,8 hours per week,Research and planning specialist,Strategic planning experience,"Notion, Email",To develop strategic thinking in development,Research skills,Implementation can lag
Student 114,student114@example.com,,"Tue, Thu, Sat","Tue, Thu, Sat","Tue, Thu, Sat","Tue, Thu, Sat","Tue, Thu, Sat","Tue, Thu, Sat","Tue, Thu, Sat",Alternating days on/off for focus,A steady pace throughout,6 hours per week,API designer,Multiple backend team projects,"Swagger docs, Discord",To create intuitive and robust APIs,API design,Frontend implementation
Student 115,student115@example.com,"Wed, Sun","Wed, Sun","Wed, Sun","Wed, Sun","Wed, Sun","Wed, Sun","Wed, Sun","Wed, Sun",Two intensive days per week,Mid-week planning then weekend execution,10 hours (concentrated),UX researcher and designer,User-centered design teams,"Miro boards, Zoom",To create intuitive user experiences,User research,Technical implementation
Student 116,student116@example.com,"Mon, Tue, Wed, Thu, Fri","Mon, Tue, Wed, Thu, Fri",,,,"Mon, Tue, Wed, Thu, Fri","Mon, Tue, Wed, Thu, Fri","Mon, Tue, Wed, Thu, Fri",Morning planning with afternoon execution,Break into small tasks from the start,7 hours per week,Accessibility specialist,Worked on accessible applications,"GitHub issues, Teams",To create inclusive applications,Accessibility testing,Sometimes add complexity for edge cases
Student 117,student117@example.com,,,"Mon, Thu, Fri, Sat, Sun","Mon, Thu, Fri, Sat, Sun","Mon, Thu, Fri, Sat, Sun","Mon, Thu, Fri, Sat, Sun","Mon, Thu, Fri, Sat, Sun","Mon, Thu, Fri, Sat, Sun",Mix of in-person and remote,Slow start with increasing pace,Variable but committed,Front-end specialist,Several UI/UX teams,"Figma comments, Slack",To create beautiful and functional interfaces,Visual design,Sometimes prioritize aesthetics over function
Student 118,student118@example.com,Tue,Tue,Tue,Tue,Tue,Tue,Tue,Tue,Regular weekly cadence,Even distribution throughout timeline,5 hours every week,Code documentation specialist,Documentation team experience,"Markdown files, Email",To improve code readability and maintenance,Clear documentation,Sometimes document too thoroughly
Student 119,student119@example.com,"Fri, Sat, Sun","Fri, Sat, Sun","Fri, Sat, Sun","Fri, Sat, Sun","Fri, Sat, Sun","Fri, Sat, Sun","Fri, Sat, Sun","Fri, Sat, Sun",Weekend crunch time,Review requirements early but execute late,15+ hours on weekends,Performance tester,QA and performance teams,"JMeter reports, Email",To build high-performance applications,Load testing,Sometimes too focused on performance
Student 120,student120@example.com,"Mon, Wed","Mon, Wed","Mon, Wed","Mon, Wed","Mon, Wed","Mon, Wed","Mon, Wed","Mon, Wed",Alternating days for fresh perspective,Begin immediately after assignment,6 hours split across days,Technical writer/communicator,Previous technical writing experience,"Google Docs, Slack",To clearly communicate complex concepts,Clear writing,Sometimes overly technical in explanations
Student 121,student121@example.com,"Thu, Sat","Thu, Sat","Thu, Sat","Thu, Sat","Thu, Sat","Thu, Sat","Thu, Sat","Thu, Sat",Two days of deep focus per week,Consistent small sessions,8 hours per week (concentrated),Microservice architecture specialist,Distributed systems teams,"System diagrams, Discord",To design scalable systems,Architecture design,Sometimes overcomplex designs
Student 122,student122@example.com,"Mon, Tue, Wed, Thu, Fri, Sat, Sun","Mon, Tue, Wed, Thu, Fri, Sat, Sun",,,,,,"Mon, Tue, Wed, Thu, Fri, Sat, Sun",Always available mornings and evenings,Create a timeline and stick to it,10 hours per week,Cross-functional coordinator,Product management experience,"Trello, Slack",To understand all aspects of development,Coordination,Sometimes micromanage
Student 123,student123@example.com,,"Tue, Fri","Tue, Fri","Tue, Fri","Tue, Fri","Tue, Fri","Tue, Fri","Tue, Fri",Semi-weekly intensive work,Two days after assignment then one week before deadline,7 hours on Tuesdays and Fridays,Code quality and standards enforcer,Multiple software engineering teams,"Linting reports, GitHub comments",To create maintainable code,Code standards,Sometimes too rigid about style
Student 124,student124@example.com,"Wed, Sat","Wed, Sat","Wed, Sat","Wed, Sat","Wed, Sat","Wed, Sat","Wed, Sat","Wed, Sat",Mid-week check with weekend execution,Planning phase then execution phase,9 hours per week,Security reviewer,Cybersecurity background,"Encrypted chat, face-to-face",To build secure applications by design,Security auditing,Sometimes too paranoid
Student 125,student125@example.com,"Mon, Thu","Mon, Thu","Mon, Thu","Mon, Thu","Mon, Thu","Mon, Thu","Mon, Thu","Mon, Thu",Twice weekly deep work,Progressive approach with milestones,6 hours per week,Data modeler,Database design teams,"ER diagrams, Email",To create efficient data structures,Database normalization,Sometimes overoptimize
Student 126,student126@example.com,,"Wed, Sun","Wed, Sun","Wed, Sun","Wed, Sun","Wed, Sun","Wed, Sun","Wed, Sun",Mixed weekday/weekend approach,Regular small chunks throughout,8 hours per week,Analytics integration specialist,Marketing technology teams,"Analytics reports, Slack",To incorporate useful metrics,Data analysis,Sometimes track too many metrics
Student 127,student127@example.com,"Tue, Thu, Sat","Tue, Thu, Sat","Tue, Thu, Sat","Tue, Thu, Sat","Tue, Thu, Sat","Tue, Thu, Sat","Tue, Thu, Sat","Tue, Thu, Sat",Every other day rhythm,Create timeline at start then follow it,9 hours per week,UI component library specialist,Design systems teams,"Storybook sharing, Discord",To create reusable components,Component design,Sometimes reinvent wheels
Student 128,student128@example.com,"Mon, Fri","Mon, Fri","Mon, Fri","Mon, Fri","Mon, Fri","Mon, Fri","Mon, Fri","Mon, Fri",Beginning and end of week focus,Look at it Monday then crush it Friday,10 hours per week (concentrated),Build system specialist,DevOps teams,"Build logs, Email",To create efficient build pipelines,Automation,Manual testing
Student 129,student129@example.com,Wed,Wed,Wed,Wed,Wed,Wed,Wed,Wed,Mid-week consistent effort,3-4 days before deadline,5 hours per week,Localization specialist,International development teams,"Translation files, Slack",To create globally accessible applications,Internationalization,Sometimes too US-centric
Student 130,student130@example.com,"Mon, Tue, Wed, Thu, Fri, Sat, Sun",,"Mon, Tue, Wed, Thu, Fri, Sat, Sun",,"Mon, Tue, Wed, Thu, Fri, Sat, Sun",,"Mon, Tue, Wed, Thu, Fri, Sat, Sun",,Flexible but structured approach,Create a plan and stick to milestones,Whatever it takes to succeed,Cross-platform integration specialist,Multiple platform teams,"Feature matrices, Discord",To build consistent cross-platform experiences,Cross-platform testing,Sometimes favor one platform
Student 131,student131@example.com,,"Sat, Sun","Sat, Sun","Sat, Sun","Sat, Sun","Sat, Sun","Sat, Sun","Sat, Sun",Weekend warrior,Night before it's due,12-15 hours on weekends,Feature developer,Several product teams,"Feature specs, Zoom",To implement exciting features,Feature development,Sometimes miss edge cases
Student 132,student132@example.com,"Thu, Fri","Thu, Fri","Thu, Fri","Thu, Fri","Thu, Fri","Thu, Fri","Thu, Fri","Thu, Fri",End of week focus,Start thinking about it early but code later,7 hours per week,Mobile UI specialist,Several app development teams,"Sketch files, Text",To create intuitive mobile interfaces,Mobile-first design,Desktop adaptations
Student 133,student133@example.com,"Mon, Wed, Fri, Sun","Mon, Wed, Fri, Sun","Mon, Wed, Fri, Sun","Mon, Wed, Fri, Sun","Mon, Wed, Fri, Sun","Mon, Wed, Fri, Sun","Mon, Wed, Fri, Sun","Mon, Wed, Fri, Sun",Alternating day pattern,Consistent progress throughout,8 hours per week,Documentation automation specialist,Developer experience teams,"Markdown files, Discord",To improve development workflows,Doc automation,Sometimes over-document
Student 134,student134@example.com,Tue,Tue,Tue,Tue,Tue,Tue,Tue,Tue,One day per week intensive work,5 days before deadline,6 hours (all on Tuesday),AI/ML integration specialist,AI application teams,"Jupyter notebooks, Slack",To incorporate machine learning features,ML integration,Sometimes overreliance on ML
Student 135,student135@example.com,,"Mon, Thu","Mon, Thu","Mon, Thu","Mon, Thu","Mon, Thu","Mon, Thu","Mon, Thu",Semi-weekly structured approach,Break into small tasks right away,7 hours per week,Containerization specialist,DevOps teams,"Docker files, GitHub",To improve deployment reliability,Container orchestration,Sometimes overcomplicate deployments
Student 136,student136@example.com,"Wed, Sat, Sun","Wed, Sat, Sun","Wed, Sat, Sun","Wed, Sat, Sun","Wed, Sat, Sun","Wed, Sat, Sun","Wed, Sat, Sun","Wed, Sat, Sun",Mid-week planning with weekend execution,Early planning then weekend implementation,10-12 hours per week,Cross-functional integrator,Full-stack teams,"System diagrams, Teams",To understand component interactions,Systems thinking,Sometimes miss details
Student 137,student137@example.com,"Mon, Tue, Wed, Thu, Fri",,"Mon, Tue, Wed, Thu, Fri",,"Mon, Tue, Wed, Thu, Fri",,"Mon, Tue, Wed, Thu, Fri",,Weekday work with structured plan,Consistent daily progress,9 hours per week,Version control specialist,Multiple repository management,"Git workflow diagrams, Discord",To implement professional version control,Merge conflict resolution,Sometimes too many branches
Student 138,student138@example.com,,"Fri, Sat, Sun","Fri, Sat, Sun","Fri, Sat, Sun","Fri, Sat, Sun","Fri, Sat, Sun","Fri, Sat, Sun","Fri, Sat, Sun",End of week and weekend warrior,Just in time,15 hours (mostly weekends),Deployment manager,Release management teams,"Release notes, Email",To ensure smooth releases,Deployment automation,Sometimes rush releases
Student 139,student139@example.com,"Tue, Thu, Sun","Tue, Thu, Sun","Tue, Thu, Sun","Tue, Thu, Sun","Tue, Thu, Sun","Tue, Thu, Sun","Tue, Thu, Sun","Tue, Thu, Sun",Mixed weekday/weekend approach,Split work into three sessions,8 hours per week,Testing specialist,QA teams,"Test reports, Slack",To ensure application quality,Test coverage,Sometimes test too thoroughly
Student 140,student140@example.com,Mon,Mon,Mon,Mon,Mon,Mon,Mon,Mon,One day per week deep dive,Monday after assignment,5 hours (all on Monday),Technical debt reduction specialist,Maintenance teams,"Code quality reports, GitHub",To improve code maintainability,Refactoring,Sometimes prioritize clean code over features
Student 141,student141@example.com,,"Wed, Fri","Wed, Fri","Wed, Fri","Wed, Fri","Wed, Fri","Wed, Fri","Wed, Fri",Mid-week to end of week focus,Half-way to deadline,7 hours per week,Accessibility compliance specialist,Inclusive design teams,"WCAG reports, Email",To create accessible applications,Accessibility testing,Sometimes add complexity for compliance
Student 142,student142@example.com,"Sat, Sun","Sat, Sun","Sat, Sun","Sat, Sun","Sat, Sun","Sat, Sun","Sat, Sun","Sat, Sun",Weekend only with weekday planning,Plan during week execute on weekend,10 hours on weekends,Cloud infrastructure specialist,Cloud migration teams,"Architecture diagrams, Slack",To implement cloud-native solutions,Infrastructure as code,Sometimes overly complex architecture
Student 143,student143@example.com,"Mon, Tue, Wed, Thu, Fri, Sat, Sun","Mon, Tue, Wed, Thu, Fri, Sat, Sun","Mon, Tue, Wed, Thu, Fri, Sat, Sun","Mon, Tue, Wed, Thu, Fri, Sat, Sun","Mon, Tue, Wed, Thu, Fri, Sat, Sun","Mon, Tue, Wed, Thu, Fri, Sat, Sun","Mon, Tue, Wed, Thu, Fri, Sat, Sun","Mon, Tue, Wed, Thu, Fri, Sat, Sun",Always available and flexible,Any time works - I adapt,Whatever the project needs,Bridge between technical and non-technical,Product management experience,Any method - always available,To understand the big picture,Communication across disciplines,"Jack of all trades, master of none"
Student 144,student144@example.com,,"Thu, Fri, Sat","Thu, Fri, Sat","Thu, Fri, Sat","Thu, Fri, Sat","Thu, Fri, Sat","Thu, Fri, Sat","Thu, Fri, Sat",End of week intensive focus,Last minute but high quality,12 hours (concentrated),Performance optimization specialist,Optimization teams,"Benchmark reports, Discord",To create high-performance applications,Algorithm optimization,Sometimes premature optimization
Student 145,student145@example.com,"Tue, Sun","Tue, Sun","Tue, Sun","Tue, Sun","Tue, Sun","Tue, Sun","Tue, Sun","Tue, Sun",Beginning of week planning with weekend execution,Tuesday planning Sunday execution,8 hours split between days,Code architecture reviewer,Senior developer experience,"Architecture diagrams, Code reviews",To improve code structure and patterns,Systems thinking,Sometimes too abstract
Student 146,student146@example.com,"Wed, Fri, Sat","Wed, Fri, Sat","Wed, Fri, Sat","Wed, Fri, Sat","Wed, Fri, Sat","Wed, Fri, Sat","Wed, Fri, Sat","Wed, Fri, Sat",Mixed weekday/weekend approach,Three days before deadline,9 hours per week,User experience researcher,UX research teams,"Research findings, Zoom",To understand user needs in development,User testing,Sometimes too focused on user feedback
Student 147,student147@example.com,Mon,Mon,Mon,Mon,Mon,Mon,Mon,Mon,Monday only with communication throughout week,First thing Monday morning,4 hours (concentrated),Security audit specialist,Cybersecurity teams,"Vulnerability reports, Email",To build secure applications,Security testing,Sometimes overly cautious